stage2_wait,final_addr15_delay,status,safe,done_cycles,cnt_test,verify_count,last_addr,last_verify_cycle,vvp_returncode,check_returncode
55,0,addr15_not_last_last_14,no,140,63,16,14,138,0,0
55,1,addr15_not_last_last_14,no,140,64,16,14,138,0,0
55,2,addr15_not_last_last_14,no,140,65,16,14,138,0,0
55,3,addr15_not_last_last_14,no,140,66,16,14,138,0,0
55,4,addr15_not_last_last_14,no,140,67,16,14,138,0,0
55,5,addr15_not_last_last_14,no,140,68,16,14,138,0,0
55,6,mismatch,no,140,69,15,14,138,0,1
55,7,mismatch,no,140,70,15,14,138,0,1
55,8,mismatch,no,140,71,15,14,138,0,1
55,9,mismatch,no,140,72,15,14,138,0,1
55,10,addr15_not_last_last_14,no,140,73,16,14,138,0,0
55,11,addr15_not_last_last_14,no,140,74,16,14,138,0,0
55,12,addr15_not_last_last_14,no,140,75,16,14,138,0,0
55,13,addr15_not_last_last_14,no,140,76,16,14,138,0,0
55,14,addr15_not_last_last_14,no,140,77,16,14,138,0,0
55,15,addr15_not_last_last_14,no,140,78,16,14,138,0,0
55,16,addr15_not_last_last_14,no,140,79,16,14,138,0,0
56,0,addr15_not_last_last_14,no,140,64,16,14,138,0,0
56,1,addr15_not_last_last_14,no,140,65,16,14,138,0,0
56,2,addr15_not_last_last_14,no,140,66,16,14,138,0,0
56,3,addr15_not_last_last_14,no,140,67,16,14,138,0,0
56,4,addr15_not_last_last_14,no,140,68,16,14,138,0,0
56,5,mismatch,no,140,69,15,14,138,0,1
56,6,mismatch,no,140,70,15,14,138,0,1
56,7,mismatch,no,140,71,15,14,138,0,1
56,8,mismatch,no,140,72,15,14,138,0,1
56,9,addr15_not_last_last_14,no,140,73,16,14,138,0,0
56,10,addr15_not_last_last_14,no,140,74,16,14,138,0,0
56,11,addr15_not_last_last_14,no,140,75,16,14,138,0,0
56,12,addr15_not_last_last_14,no,140,76,16,14,138,0,0
56,13,addr15_not_last_last_14,no,140,77,16,14,138,0,0
56,14,addr15_not_last_last_14,no,140,78,16,14,138,0,0
56,15,addr15_not_last_last_14,no,140,79,16,14,138,0,0
56,16,addr15_not_last_last_14,no,140,80,16,14,138,0,0
57,0,addr15_not_last_last_14,no,140,65,16,14,138,0,0
57,1,addr15_not_last_last_14,no,140,66,16,14,138,0,0
57,2,addr15_not_last_last_14,no,140,67,16,14,138,0,0
57,3,addr15_not_last_last_14,no,140,68,16,14,138,0,0
57,4,mismatch,no,140,69,15,14,138,0,1
57,5,mismatch,no,140,70,15,14,138,0,1
57,6,mismatch,no,140,71,15,14,138,0,1
57,7,mismatch,no,140,72,15,14,138,0,1
57,8,addr15_not_last_last_14,no,140,73,16,14,138,0,0
57,9,addr15_not_last_last_14,no,140,74,16,14,138,0,0
57,10,addr15_not_last_last_14,no,140,75,16,14,138,0,0
57,11,addr15_not_last_last_14,no,140,76,16,14,138,0,0
57,12,addr15_not_last_last_14,no,140,77,16,14,138,0,0
57,13,addr15_not_last_last_14,no,140,78,16,14,138,0,0
57,14,addr15_not_last_last_14,no,140,79,16,14,138,0,0
57,15,addr15_not_last_last_14,no,140,80,16,14,138,0,0
57,16,mismatch,no,140,81,15,14,138,0,1
58,0,addr15_not_last_last_14,no,140,66,16,14,138,0,0
58,1,addr15_not_last_last_14,no,140,67,16,14,138,0,0
58,2,addr15_not_last_last_14,no,140,68,16,14,138,0,0
58,3,mismatch,no,140,69,15,14,138,0,1
58,4,mismatch,no,140,70,15,14,138,0,1
58,5,mismatch,no,140,71,15,14,138,0,1
58,6,mismatch,no,140,72,15,14,138,0,1
58,7,addr15_not_last_last_14,no,140,73,16,14,138,0,0
58,8,addr15_not_last_last_14,no,140,74,16,14,138,0,0
58,9,addr15_not_last_last_14,no,140,75,16,14,138,0,0
58,10,addr15_not_last_last_14,no,140,76,16,14,138,0,0
58,11,addr15_not_last_last_14,no,140,77,16,14,138,0,0
58,12,addr15_not_last_last_14,no,140,78,16,14,138,0,0
58,13,addr15_not_last_last_14,no,140,79,16,14,138,0,0
58,14,addr15_not_last_last_14,no,140,80,16,14,138,0,0
58,15,mismatch,no,140,81,15,14,138,0,1
58,16,mismatch,no,140,82,15,14,138,0,1
59,0,addr15_not_last_last_14,no,140,67,16,14,138,0,0
59,1,addr15_not_last_last_14,no,140,68,16,14,138,0,0
59,2,mismatch,no,140,69,15,14,138,0,1
59,3,mismatch,no,140,70,15,14,138,0,1
59,4,mismatch,no,140,71,15,14,138,0,1
59,5,mismatch,no,140,72,15,14,138,0,1
59,6,addr15_not_last_last_14,no,140,73,16,14,138,0,0
59,7,addr15_not_last_last_14,no,140,74,16,14,138,0,0
59,8,addr15_not_last_last_14,no,140,75,16,14,138,0,0
59,9,addr15_not_last_last_14,no,140,76,16,14,138,0,0
59,10,addr15_not_last_last_14,no,140,77,16,14,138,0,0
59,11,addr15_not_last_last_14,no,140,78,16,14,138,0,0
59,12,addr15_not_last_last_14,no,140,79,16,14,138,0,0
59,13,addr15_not_last_last_14,no,140,80,16,14,138,0,0
59,14,mismatch,no,140,81,15,14,138,0,1
59,15,mismatch,no,140,82,15,14,138,0,1
59,16,mismatch,no,140,83,15,14,138,0,1
60,0,mismatch,no,140,68,16,14,138,0,1
60,1,mismatch,no,140,69,15,14,138,0,1
60,2,mismatch,no,140,70,15,14,138,0,1
60,3,mismatch,no,140,71,15,14,138,0,1
60,4,mismatch,no,140,72,15,14,138,0,1
60,5,mismatch,no,140,73,16,14,138,0,1
60,6,mismatch,no,140,74,16,14,138,0,1
60,7,mismatch,no,140,75,16,14,138,0,1
60,8,mismatch,no,140,76,16,14,138,0,1
60,9,mismatch,no,140,77,16,14,138,0,1
60,10,mismatch,no,140,78,16,14,138,0,1
60,11,mismatch,no,140,79,16,14,138,0,1
60,12,mismatch,no,140,80,16,14,138,0,1
60,13,mismatch,no,140,81,15,14,138,0,1
60,14,mismatch,no,140,82,15,14,138,0,1
60,15,mismatch,no,140,83,15,14,138,0,1
60,16,mismatch,no,140,84,15,15,138,0,1
61,0,mismatch,no,140,69,15,14,138,0,1
61,1,mismatch,no,140,70,15,14,138,0,1
61,2,mismatch,no,140,71,15,14,138,0,1
61,3,mismatch,no,140,72,15,14,138,0,1
61,4,mismatch,no,140,73,16,14,138,0,1
61,5,mismatch,no,140,74,16,14,138,0,1
61,6,mismatch,no,140,75,16,14,138,0,1
61,7,mismatch,no,140,76,16,14,138,0,1
61,8,mismatch,no,140,77,16,14,138,0,1
61,9,mismatch,no,140,78,16,14,138,0,1
61,10,mismatch,no,140,79,16,14,138,0,1
61,11,mismatch,no,140,80,16,14,138,0,1
61,12,mismatch,no,140,81,15,14,138,0,1
61,13,mismatch,no,140,82,15,14,138,0,1
61,14,mismatch,no,140,83,15,14,138,0,1
61,15,mismatch,no,140,84,15,15,138,0,1
61,16,mismatch,no,141,85,16,15,138,0,1
62,0,mismatch,no,140,70,14,14,138,0,1
62,1,mismatch,no,140,71,14,14,138,0,1
62,2,mismatch,no,140,72,14,14,138,0,1
62,3,mismatch,no,140,73,15,14,138,0,1
62,4,mismatch,no,140,74,15,14,138,0,1
62,5,mismatch,no,140,75,15,14,138,0,1
62,6,mismatch,no,140,76,15,14,138,0,1
62,7,mismatch,no,140,77,15,14,138,0,1
62,8,mismatch,no,140,78,15,14,138,0,1
62,9,mismatch,no,140,79,15,14,138,0,1
62,10,mismatch,no,140,80,15,14,138,0,1
62,11,mismatch,no,140,81,14,14,138,0,1
62,12,mismatch,no,140,82,14,14,138,0,1
62,13,mismatch,no,140,83,14,14,138,0,1
62,14,mismatch,no,140,84,14,15,138,0,1
62,15,mismatch,no,141,85,15,15,138,0,1
62,16,mismatch,no,142,86,15,15,140,0,1
63,0,mismatch,no,140,71,13,14,138,0,1
63,1,mismatch,no,140,72,13,14,138,0,1
63,2,mismatch,no,140,73,14,14,138,0,1
63,3,mismatch,no,140,74,14,14,138,0,1
63,4,mismatch,no,140,75,14,14,138,0,1
63,5,mismatch,no,140,76,14,14,138,0,1
63,6,mismatch,no,140,77,14,14,138,0,1
63,7,mismatch,no,140,78,14,14,138,0,1
63,8,mismatch,no,140,79,14,14,138,0,1
63,9,mismatch,no,140,80,14,14,138,0,1
63,10,mismatch,no,140,81,13,14,138,0,1
63,11,mismatch,no,140,82,13,14,138,0,1
63,12,mismatch,no,140,83,13,14,138,0,1
63,13,mismatch,no,140,84,13,15,138,0,1
63,14,mismatch,no,141,85,14,15,138,0,1
63,15,mismatch,no,142,86,14,15,140,0,1
63,16,mismatch,no,143,87,14,15,140,0,1
64,0,mismatch,no,140,72,12,14,138,0,1
64,1,mismatch,no,140,73,13,14,138,0,1
64,2,mismatch,no,140,74,13,14,138,0,1
64,3,mismatch,no,140,75,13,14,138,0,1
64,4,mismatch,no,140,76,13,14,138,0,1
64,5,mismatch,no,140,77,13,14,138,0,1
64,6,mismatch,no,140,78,13,14,138,0,1
64,7,mismatch,no,140,79,13,14,138,0,1
64,8,mismatch,no,140,80,13,14,138,0,1
64,9,mismatch,no,140,81,12,14,138,0,1
64,10,mismatch,no,140,82,12,14,138,0,1
64,11,mismatch,no,140,83,12,14,138,0,1
64,12,mismatch,no,140,84,12,15,138,0,1
64,13,mismatch,no,141,85,13,15,138,0,1
64,14,mismatch,no,142,86,13,15,140,0,1
64,15,mismatch,no,143,87,13,15,140,0,1
64,16,mismatch,no,144,88,13,15,142,0,1
65,0,mismatch,no,140,73,13,14,138,0,1
65,1,mismatch,no,140,74,13,14,138,0,1
65,2,mismatch,no,140,75,13,14,138,0,1
65,3,mismatch,no,140,76,13,14,138,0,1
65,4,mismatch,no,140,77,13,14,138,0,1
65,5,mismatch,no,140,78,13,14,138,0,1
65,6,mismatch,no,140,79,13,14,138,0,1
65,7,mismatch,no,140,80,13,14,138,0,1
65,8,mismatch,no,140,81,12,14,138,0,1
65,9,mismatch,no,140,82,12,14,138,0,1
65,10,mismatch,no,140,83,12,14,138,0,1
65,11,mismatch,no,140,84,12,15,138,0,1
65,12,mismatch,no,141,85,13,15,138,0,1
65,13,mismatch,no,142,86,13,15,140,0,1
65,14,mismatch,no,143,87,13,15,140,0,1
65,15,mismatch,no,144,88,13,15,142,0,1
65,16,mismatch,no,145,89,13,15,142,0,1
66,0,mismatch,no,140,74,14,14,138,0,1
66,1,mismatch,no,140,75,14,14,138,0,1
66,2,mismatch,no,140,76,14,14,138,0,1
66,3,mismatch,no,140,77,14,14,138,0,1
66,4,mismatch,no,140,78,14,14,138,0,1
66,5,mismatch,no,140,79,14,14,138,0,1
66,6,mismatch,no,140,80,14,14,138,0,1
66,7,mismatch,no,140,81,13,14,138,0,1
66,8,mismatch,no,140,82,13,14,138,0,1
66,9,mismatch,no,140,83,13,14,138,0,1
66,10,mismatch,no,140,84,13,15,138,0,1
66,11,mismatch,no,141,85,14,15,138,0,1
66,12,mismatch,no,142,86,14,15,140,0,1
66,13,mismatch,no,143,87,14,15,140,0,1
66,14,mismatch,no,144,88,14,15,142,0,1
66,15,mismatch,no,145,89,14,15,142,0,1
66,16,mismatch,no,146,90,14,15,144,0,1
67,0,mismatch,no,140,75,15,14,138,0,1
67,1,mismatch,no,140,76,15,14,138,0,1
67,2,mismatch,no,140,77,15,14,138,0,1
67,3,mismatch,no,140,78,15,14,138,0,1
67,4,mismatch,no,140,79,15,14,138,0,1
67,5,mismatch,no,140,80,15,14,138,0,1
67,6,mismatch,no,140,81,14,14,138,0,1
67,7,mismatch,no,140,82,14,14,138,0,1
67,8,mismatch,no,140,83,14,14,138,0,1
67,9,mismatch,no,140,84,14,15,138,0,1
67,10,mismatch,no,141,85,15,15,138,0,1
67,11,mismatch,no,142,86,15,15,140,0,1
67,12,mismatch,no,143,87,15,15,140,0,1
67,13,mismatch,no,144,88,15,15,142,0,1
67,14,mismatch,no,145,89,15,15,142,0,1
67,15,mismatch,no,146,90,15,15,144,0,1
67,16,mismatch,no,147,91,15,15,144,0,1
68,0,addr15_not_last_last_14,no,140,76,16,14,138,0,0
68,1,addr15_not_last_last_14,no,140,77,16,14,138,0,0
68,2,addr15_not_last_last_14,no,140,78,16,14,138,0,0
68,3,addr15_not_last_last_14,no,140,79,16,14,138,0,0
68,4,addr15_not_last_last_14,no,140,80,16,14,138,0,0
68,5,mismatch,no,140,81,15,14,138,0,1
68,6,mismatch,no,140,82,15,14,138,0,1
68,7,mismatch,no,140,83,15,14,138,0,1
68,8,mismatch,no,140,84,15,15,138,0,1
68,9,safe,yes,141,85,16,15,138,0,0
68,10,safe,yes,142,86,16,15,140,0,0
68,11,safe,yes,143,87,16,15,140,0,0
68,12,safe,yes,144,88,16,15,142,0,0
68,13,safe,yes,145,89,16,15,142,0,0
68,14,safe,yes,146,90,16,15,144,0,0
68,15,safe,yes,147,91,16,15,144,0,0
68,16,safe,yes,148,92,16,15,146,0,0
69,0,addr15_not_last_last_14,no,140,77,16,14,138,0,0
69,1,addr15_not_last_last_14,no,140,78,16,14,138,0,0
69,2,addr15_not_last_last_14,no,140,79,16,14,138,0,0
69,3,addr15_not_last_last_14,no,140,80,16,14,138,0,0
69,4,mismatch,no,140,81,15,14,138,0,1
69,5,mismatch,no,140,82,15,14,138,0,1
69,6,mismatch,no,140,83,15,14,138,0,1
69,7,mismatch,no,140,84,15,15,138,0,1
69,8,safe,yes,141,85,16,15,138,0,0
69,9,safe,yes,142,86,16,15,140,0,0
69,10,safe,yes,143,87,16,15,140,0,0
69,11,safe,yes,144,88,16,15,142,0,0
69,12,safe,yes,145,89,16,15,142,0,0
69,13,safe,yes,146,90,16,15,144,0,0
69,14,safe,yes,147,91,16,15,144,0,0
69,15,safe,yes,148,92,16,15,146,0,0
69,16,safe,yes,149,93,16,15,146,0,0
70,0,addr15_not_last_last_14,no,140,78,16,14,138,0,0
70,1,addr15_not_last_last_14,no,140,79,16,14,138,0,0
70,2,addr15_not_last_last_14,no,140,80,16,14,138,0,0
70,3,mismatch,no,140,81,15,14,138,0,1
70,4,mismatch,no,140,82,15,14,138,0,1
70,5,mismatch,no,140,83,15,14,138,0,1
70,6,mismatch,no,140,84,15,15,138,0,1
70,7,safe,yes,141,85,16,15,138,0,0
70,8,safe,yes,142,86,16,15,140,0,0
70,9,safe,yes,143,87,16,15,140,0,0
70,10,safe,yes,144,88,16,15,142,0,0
70,11,safe,yes,145,89,16,15,142,0,0
70,12,safe,yes,146,90,16,15,144,0,0
70,13,safe,yes,147,91,16,15,144,0,0
70,14,safe,yes,148,92,16,15,146,0,0
70,15,safe,yes,149,93,16,15,146,0,0
70,16,safe,yes,150,94,16,15,148,0,0
71,0,addr15_not_last_last_14,no,140,79,16,14,138,0,0
71,1,addr15_not_last_last_14,no,140,80,16,14,138,0,0
71,2,mismatch,no,140,81,15,14,138,0,1
71,3,mismatch,no,140,82,15,14,138,0,1
71,4,mismatch,no,140,83,15,14,138,0,1
71,5,mismatch,no,140,84,15,15,138,0,1
71,6,safe,yes,141,85,16,15,138,0,0
71,7,safe,yes,142,86,16,15,140,0,0
71,8,safe,yes,143,87,16,15,140,0,0
71,9,safe,yes,144,88,16,15,142,0,0
71,10,safe,yes,145,89,16,15,142,0,0
71,11,safe,yes,146,90,16,15,144,0,0
71,12,safe,yes,147,91,16,15,144,0,0
71,13,safe,yes,148,92,16,15,146,0,0
71,14,safe,yes,149,93,16,15,146,0,0
71,15,safe,yes,150,94,16,15,148,0,0
71,16,safe,yes,151,95,16,15,148,0,0
72,0,mismatch,no,140,80,16,14,138,0,1
72,1,mismatch,no,140,81,15,14,138,0,1
72,2,mismatch,no,140,82,15,14,138,0,1
72,3,mismatch,no,140,83,15,14,138,0,1
72,4,mismatch,no,140,84,15,15,138,0,1
72,5,mismatch,no,141,85,16,15,138,0,1
72,6,mismatch,no,142,86,16,15,140,0,1
72,7,mismatch,no,143,87,16,15,140,0,1
72,8,mismatch,no,144,88,16,15,142,0,1
72,9,mismatch,no,145,89,16,15,142,0,1
72,10,mismatch,no,146,90,16,15,144,0,1
72,11,mismatch,no,147,91,16,15,144,0,1
72,12,mismatch,no,148,92,16,15,146,0,1
72,13,mismatch,no,149,93,16,15,146,0,1
72,14,mismatch,no,150,94,16,15,148,0,1
72,15,mismatch,no,151,95,16,15,148,0,1
72,16,mismatch,no,152,96,16,15,150,0,1
73,0,mismatch,no,140,81,14,14,138,0,1
73,1,mismatch,no,140,82,14,14,138,0,1
73,2,mismatch,no,140,83,14,14,138,0,1
73,3,mismatch,no,140,84,14,15,138,0,1
73,4,mismatch,no,141,85,15,15,138,0,1
73,5,mismatch,no,142,86,15,15,140,0,1
73,6,mismatch,no,143,87,15,15,140,0,1
73,7,mismatch,no,144,88,15,15,142,0,1
73,8,mismatch,no,145,89,15,15,142,0,1
73,9,mismatch,no,146,90,15,15,144,0,1
73,10,mismatch,no,147,91,15,15,144,0,1
73,11,mismatch,no,148,92,15,15,146,0,1
73,12,mismatch,no,149,93,15,15,146,0,1
73,13,mismatch,no,150,94,15,15,148,0,1
73,14,mismatch,no,151,95,15,15,148,0,1
73,15,mismatch,no,152,96,15,15,150,0,1
73,16,mismatch,no,153,97,15,15,150,0,1
74,0,mismatch,no,140,82,12,14,138,0,1
74,1,mismatch,no,140,83,12,14,138,0,1
74,2,mismatch,no,140,84,12,15,138,0,1
74,3,mismatch,no,141,85,13,15,138,0,1
74,4,mismatch,no,142,86,13,15,140,0,1
74,5,mismatch,no,143,87,13,15,140,0,1
74,6,mismatch,no,144,88,13,15,142,0,1
74,7,mismatch,no,145,89,13,15,142,0,1
74,8,mismatch,no,146,90,13,15,144,0,1
74,9,mismatch,no,147,91,13,15,144,0,1
74,10,mismatch,no,148,92,13,15,146,0,1
74,11,mismatch,no,149,93,13,15,146,0,1
74,12,mismatch,no,150,94,13,15,148,0,1
74,13,mismatch,no,151,95,13,15,148,0,1
74,14,mismatch,no,152,96,13,15,150,0,1
74,15,mismatch,no,153,97,13,15,150,0,1
74,16,mismatch,no,154,98,13,15,152,0,1
75,0,mismatch,no,140,83,10,14,138,0,1
75,1,mismatch,no,140,84,10,15,138,0,1
75,2,mismatch,no,141,85,11,15,138,0,1
75,3,mismatch,no,142,86,11,15,140,0,1
75,4,mismatch,no,143,87,11,15,140,0,1
75,5,mismatch,no,144,88,11,15,142,0,1
75,6,mismatch,no,145,89,11,15,142,0,1
75,7,mismatch,no,146,90,11,15,144,0,1
75,8,mismatch,no,147,91,11,15,144,0,1
75,9,mismatch,no,148,92,11,15,146,0,1
75,10,mismatch,no,149,93,11,15,146,0,1
75,11,mismatch,no,150,94,11,15,148,0,1
75,12,mismatch,no,151,95,11,15,148,0,1
75,13,mismatch,no,152,96,11,15,150,0,1
75,14,mismatch,no,153,97,11,15,150,0,1
75,15,mismatch,no,154,98,11,15,152,0,1
75,16,mismatch,no,155,99,11,15,152,0,1
76,0,mismatch,no,140,84,8,15,138,0,1
76,1,mismatch,no,141,85,9,15,138,0,1
76,2,mismatch,no,142,86,9,15,140,0,1
76,3,mismatch,no,143,87,9,15,140,0,1
76,4,mismatch,no,144,88,9,15,142,0,1
76,5,mismatch,no,145,89,9,15,142,0,1
76,6,mismatch,no,146,90,9,15,144,0,1
76,7,mismatch,no,147,91,9,15,144,0,1
76,8,mismatch,no,148,92,9,15,146,0,1
76,9,mismatch,no,149,93,9,15,146,0,1
76,10,mismatch,no,150,94,9,15,148,0,1
76,11,mismatch,no,151,95,9,15,148,0,1
76,12,mismatch,no,152,96,9,15,150,0,1
76,13,mismatch,no,153,97,9,15,150,0,1
76,14,mismatch,no,154,98,9,15,152,0,1
76,15,mismatch,no,155,99,9,15,152,0,1
76,16,mismatch,no,156,100,9,15,154,0,1
77,0,mismatch,no,141,85,10,15,138,0,1
77,1,mismatch,no,142,86,10,15,140,0,1
77,2,mismatch,no,143,87,10,15,140,0,1
77,3,mismatch,no,144,88,10,15,142,0,1
77,4,mismatch,no,145,89,10,15,142,0,1
77,5,mismatch,no,146,90,10,15,144,0,1
77,6,mismatch,no,147,91,10,15,144,0,1
77,7,mismatch,no,148,92,10,15,146,0,1
77,8,mismatch,no,149,93,10,15,146,0,1
77,9,mismatch,no,150,94,10,15,148,0,1
77,10,mismatch,no,151,95,10,15,148,0,1
77,11,mismatch,no,152,96,10,15,150,0,1
77,12,mismatch,no,153,97,10,15,150,0,1
77,13,mismatch,no,154,98,10,15,152,0,1
77,14,mismatch,no,155,99,10,15,152,0,1
77,15,mismatch,no,156,100,10,15,154,0,1
77,16,mismatch,no,157,101,10,15,154,0,1
78,0,mismatch,no,142,86,12,15,140,0,1
78,1,mismatch,no,143,87,12,15,140,0,1
78,2,mismatch,no,144,88,12,15,142,0,1
78,3,mismatch,no,145,89,12,15,142,0,1
78,4,mismatch,no,146,90,12,15,144,0,1
78,5,mismatch,no,147,91,12,15,144,0,1
78,6,mismatch,no,148,92,12,15,146,0,1
78,7,mismatch,no,149,93,12,15,146,0,1
78,8,mismatch,no,150,94,12,15,148,0,1
78,9,mismatch,no,151,95,12,15,148,0,1
78,10,mismatch,no,152,96,12,15,150,0,1
78,11,mismatch,no,153,97,12,15,150,0,1
78,12,mismatch,no,154,98,12,15,152,0,1
78,13,mismatch,no,155,99,12,15,152,0,1
78,14,mismatch,no,156,100,12,15,154,0,1
78,15,mismatch,no,157,101,12,15,154,0,1
78,16,mismatch,no,158,102,12,15,156,0,1
79,0,mismatch,no,143,87,14,15,140,0,1
79,1,mismatch,no,144,88,14,15,142,0,1
79,2,mismatch,no,145,89,14,15,142,0,1
79,3,mismatch,no,146,90,14,15,144,0,1
79,4,mismatch,no,147,91,14,15,144,0,1
79,5,mismatch,no,148,92,14,15,146,0,1
79,6,mismatch,no,149,93,14,15,146,0,1
79,7,mismatch,no,150,94,14,15,148,0,1
79,8,mismatch,no,151,95,14,15,148,0,1
79,9,mismatch,no,152,96,14,15,150,0,1
79,10,mismatch,no,153,97,14,15,150,0,1
79,11,mismatch,no,154,98,14,15,152,0,1
79,12,mismatch,no,155,99,14,15,152,0,1
79,13,mismatch,no,156,100,14,15,154,0,1
79,14,mismatch,no,157,101,14,15,154,0,1
79,15,mismatch,no,158,102,14,15,156,0,1
79,16,mismatch,no,159,103,14,15,156,0,1
80,0,safe,yes,144,88,16,15,142,0,0
80,1,safe,yes,145,89,16,15,142,0,0
80,2,safe,yes,146,90,16,15,144,0,0
80,3,safe,yes,147,91,16,15,144,0,0
80,4,safe,yes,148,92,16,15,146,0,0
80,5,safe,yes,149,93,16,15,146,0,0
80,6,safe,yes,150,94,16,15,148,0,0
80,7,safe,yes,151,95,16,15,148,0,0
80,8,safe,yes,152,96,16,15,150,0,0
80,9,safe,yes,153,97,16,15,150,0,0
80,10,safe,yes,154,98,16,15,152,0,0
80,11,safe,yes,155,99,16,15,152,0,0
80,12,safe,yes,156,100,16,15,154,0,0
80,13,safe,yes,157,101,16,15,154,0,0
80,14,safe,yes,158,102,16,15,156,0,0
80,15,safe,yes,159,103,16,15,156,0,0
80,16,safe,yes,160,104,16,15,158,0,0
